Date,Turtle,Loc_ID,Profile_ID,Size_ID,R_ID,Cap_ID,Pit_ID
8/11/2003,1.001,1,1,1,1,1,4310552857
7/2/2004,1.002,2,2,2,2,2,4310552857
8/3/2004,1.003,2,3,3,3,3,4310552857
9/16/2004,1.004,2,1,4,2,3,4310552857
8/24/2003,2.001,3,4,5,4,4,4311124528
8/7/2004,2.002,2,4,6,5,5,4311124528
9/16/2004,2.003,2,4,7,6,2,4311124528
9/26/2004,2.004,2,4,8,7,2,4311124528
9/28/2002,3.001,2,4,9,8,1,4315311868
5/10/2003,3.002,4,4,10,9,2,4315311868
7/22/2006,3.003,5,4,11,10,6,4315311868
8/29/2006,3.004,5,5,12,11,6,4315311868
8/24/2003,4.001,3,6,13,12,4,4315371352
6/10/2011,5.001,6,7,14,13,6,4315387901
7/25/2003,6.001,2,2,15,9,7,4315562674
8/5/2008,6.002,7,8,16,14,6,4315562674
5/25/2010,6.003,7,9,17,15,6,4315562674
8/3/2003,7.001,8,10,18,16,8,4315566217
7/24/2013,7.002,9,11,19,17,6,4315566217
6/13/2004,8.001,2,2,20,18,7,4315584525
6/21/2004,8.002,2,2,21,19,6,4315584525
7/2/2004,8.003,2,2,22,20,5,4315584525
7/5/2004,8.004,2,2,23,21,6,4315584525
7/12/2004,8.005,2,2,24,22,5,4315584525
7/24/2004,8.006,2,2,25,23,3,4315584525
8/7/2004,8.007,2,2,26,23,6,4315584525
8/24/2004,8.008,2,12,27,24,3,4315584525
9/1/2004,8.009,2,2,28,9,3,4315584525
9/16/2004,8.01,2,2,29,25,3,4315584525
7/18/2006,8.011,10,8,30,26,6,4315584525
7/15/2008,8.012,11,8,31,14,6,4315584525
5/25/2010,8.013,7,9,32,15,6,4315584525
6/15/2010,8.014,7,2,33,27,6,4315584525
6/22/2010,8.015,7,2,34,28,6,4315584525
6/23/2010,8.016,12,2,35,29,6,4315584525
6/26/2010,8.017,7,2,36,30,6,4315584525
7/7/2010,8.018,12,2,37,31,6,4315584525
7/14/2010,8.019,12,2,38,32,6,4315584525
7/29/2010,8.02,13,2,39,14,6,4315584525
6/10/2011,8.021,14,2,40,33,6,4315584525
6/17/2011,8.022,14,2,40,34,6,4315584525
6/22/2011,8.023,6,2,41,35,6,4315584525
7/13/2011,8.024,15,2,42,36,6,4315584525
9/15/2002,9.001,2,11,43,37,1,4315621050
5/10/2003,9.002,16,11,44,37,6,4315621050
7/19/2003,9.003,2,1,45,38,6,4315621050
5/15/2004,9.004,17,1,46,39,6,4315621050
6/13/2004,9.005,2,2,47,9,6,4315621050
7/15/2008,9.006,11,8,48,14,6,4315621050
5/25/2010,9.007,18,2,49,15,6,4315621050
6/22/2010,9.008,12,2,50,28,6,4315621050
7/14/2010,9.009,19,2,51,40,6,4315621050
6/10/2011,9.01,6,13,52,41,6,4315621050
6/15/2011,9.011,6,14,53,42,6,4315621050
6/22/2011,9.012,6,11,54,35,6,4315621050
7/17/2014,9.013,20,11,55,43,9,4315621050
7/22/2014,9.014,21,11,56,43,9,4315621050
6/17/1996,10.001,16,11,57,44,7,4315643501
6/24/1997,10.002,5,15,58,45,6,4315643501
9/7/2002,10.003,2,2,59,46,2,4315643501
9/28/2003,10.004,2,2,60,47,6,4315643501
8/3/2004,10.005,2,2,61,9,2,4315643501
8/14/2004,10.006,2,2,62,48,6,4315643501
6/15/2010,10.007,7,2,63,27,6,4315643501
7/14/2010,10.008,12,16,64,32,6,4315643501
7/29/2010,10.009,13,2,65,14,6,4315643501
6/23/2011,10.01,6,2,66,49,6,4315643501
7/27/2011,10.011,14,2,67,50,6,4315643501
9/7/2002,11.001,2,2,68,51,1,4360043543
9/29/2002,11.002,2,11,69,52,2,4360043543
6/21/2004,11.003,2,2,70,9,6,4360043543
7/9/2004,11.004,2,2,71,53,5,4360043543
8/24/2004,11.005,2,12,72,54,3,4360043543
7/22/2006,11.006,5,2,73,55,6,4360043543
7/20/2011,11.007,22,17,74,56,6,4360043543
7/24/2014,12.001,21,11,75,43,10,4676336455
7/16/2015,12.002,5,11,76,57,6,4676336455
7/17/2015,12.003,23,11,77,58,6,4676336455
7/17/2014,13.001,20,11,78,59,10,4676441600
7/23/2014,13.002,21,11,79,43,11,4676441600
7/9/2015,13.003,23,11,80,60,6,4676441600
7/16/2015,13.004,24,11,81,61,6,4676441600
8/25/2015,13.005,5,8,82,62,6,4676441600
8/27/2015,13.006,5,8,83,63,6,4676441600
6/10/2011,14.001,14,15,84,33,7,4676466457
7/7/2010,15.001,25,14,85,14,7,4676551175
7/29/2010,16.001,26,4,86,64,7,4679400714
7/13/2011,16.002,27,18,87,65,6,4679400714
7/14/2011,16.003,22,18,87,49,6,4679400714
7/20/2011,16.004,22,19,88,66,6,4679400714
7/8/2015,16.005,28,5,89,67,6,4679400714
7/17/2015,16.006,29,20,90,68,6,4679400714
7/22/1997,17.001,5,21,91,69,7,113663532A
7/9/2004,17.002,2,2,92,70,5,113663532A
9/1/2004,17.003,2,2,93,9,2,113663532A
8/29/2006,17.004,5,11,94,11,6,113663532A
7/15/2008,17.005,7,8,95,14,6,113663532A
8/5/2008,17.006,30,8,96,14,6,113663532A
7/29/2010,17.007,13,2,97,14,6,113663532A
7/9/2004,18.001,31,22,98,71,12,113812554A
7/11/2004,18.002,32,23,99,72,2,113812554A
6/22/2010,18.003,33,2,100,14,6,113812554A
7/26/2013,18.004,34,11,101,17,6,113812554A
9/21/1996,19.001,4,5,102,73,7,113822750A
6/13/1997,19.002,5,4,103,69,6,113822750A
6/30/1997,20.001,5,4,104,69,7,113824734A
6/15/2010,20.002,7,4,105,27,6,113824743A
6/2/1996,21.001,35,5,106,74,7,113872240A
6/24/1997,21.002,5,4,107,75,6,113872240A
7/19/2006,21.003,16,24,108,76,6,113872240A
7/10/2002,22.001,16,25,109,9,7,113911447A
8/15/2002,22.002,2,5,110,9,2,113911447A
9/15/2002,22.003,2,5,111,9,2,113911447A
5/4/2003,22.004,16,26,112,77,6,113911447A
7/12/2003,22.005,2,27,113,78,2,113911447A
8/30/2003,22.006,2,7,114,79,6,113911447A
6/21/2004,22.007,2,26,115,80,2,113911447A
7/18/2006,22.008,16,28,116,14,6,113911447A
7/22/2006,22.009,5,26,117,81,6,113911447A
8/29/2006,22.01,5,5,118,11,6,113911447A
7/15/2008,22.011,7,24,119,14,6,113911447A
5/25/2010,22.012,7,9,120,15,6,113911447A
6/23/2010,22.013,7,6,121,29,6,113911447A
6/26/2010,22.014,7,26,122,82,6,113911447A
6/14/2011,22.015,6,6,123,34,6,113911447A
6/17/2011,22.016,6,6,123,34,6,113911447A
6/23/2011,22.017,6,6,123,49,6,113911447A
5/21/2013,22.018,36,24,124,83,6,113911447A
8/28/2013,22.019,37,5,125,84,6,113911447A
7/22/2014,22.02,21,5,126,43,11,113911447A
7/10/1997,23.001,5,29,127,69,7,113914110A
6/1/2002,23.002,4,5,128,9,13,113914110A
8/3/2003,23.003,2,4,129,9,5,113914110A
7/19/2006,23.004,36,24,130,14,6,113914110A
8/5/2008,23.005,30,24,131,14,6,113914110A
7/25/2014,23.006,21,5,132,43,9,113914110A
9/22/2002,24.001,2,26,133,85,1,113915295A
9/28/2002,24.002,2,4,134,86,2,113915295A
6/21/2004,24.003,2,4,135,87,5,113915295A
6/25/2004,24.004,2,30,136,88,5,113915295A
6/14/1997,25.001,5,21,137,89,7,113915352A
6/16/1997,26.001,5,31,138,69,7,113916174A
7/9/2004,27.001,2,32,139,9,4,113918173A
7/11/2004,27.002,2,2,140,9,5,113918173A
7/18/2006,27.003,36,16,141,14,6,113918173A
7/21/2011,27.004,38,33,142,90,6,113918173A
7/7/2015,27.005,39,5,143,60,6,113918173A
7/9/2015,27.006,39,11,144,91,6,113918173A
7/14/2015,27.007,40,11,145,92,6,113918173A
7/16/2015,27.008,41,1,146,93,6,113918173A
7/5/2004,28.001,2,4,147,9,1,113923253A
8/14/2004,28.002,2,4,148,9,5,113923253A
8/29/2006,28.003,5,5,149,11,6,113923253A
6/14/1997,29.001,5,4,150,94,7,113924685A
6/28/1998,29.002,5,5,151,95,6,113924685A
8/15/2002,29.003,16,4,152,96,6,113924685A
7/12/2003,29.004,2,4,153,97,2,113924685A
7/19/2003,29.005,2,4,154,38,6,113924685A
9/26/2004,29.006,2,4,155,9,2,113924685A
8/5/2008,29.007,42,24,156,14,6,113924685A
6/17/2011,29.008,14,4,157,34,6,113924685A
7/13/2011,29.009,15,4,158,98,6,113924685A
5/21/2013,29.01,12,4,159,99,6,113924685A
8/28/2013,29.011,43,5,160,84,6,113924685A
7/23/2014,29.012,21,5,161,100,14,113924685A
6/15/1997,30.001,5,34,162,69,7,113925235A
8/14/2004,31.001,2,20,163,9,15,113927353A
7/24/2004,32.001,2,35,164,9,4,113928531A
6/27/1997,33.001,5,4,165,69,7,113929517A
7/8/2015,33.002,5,5,166,101,6,113929517A
6/26/1997,34.001,5,27,167,69,7,113931357A
9/6/2001,35.001,5,5,168,102,7,113932796A
7/19/2006,35.002,44,8,169,14,6,113932796A
7/15/2008,35.003,45,8,170,14,6,113932796A
8/5/2008,35.004,42,24,171,14,6,113932796A
6/10/2011,35.005,14,4,172,33,6,113932796A
9/16/2004,36.001,2,2,173,9,15,113937152A
5/21/2013,36.002,12,8,174,83,6,113937152A
7/22/2013,36.003,46,11,175,17,6,113937152A
8/28/2014,36.004,5,8,176,103,6,113937152A
7/9/2015,36.005,23,11,177,67,6,113937152A
6/24/1997,37.001,5,36,178,69,7,113937345A
7/15/2003,37.002,2,37,179,9,6,113937345A
7/31/2004,37.003,2,36,180,104,6,113937345A
9/21/1996,38.001,4,5,151,105,7,113938471A
6/25/1997,38.002,5,4,181,106,6,113938471A
7/31/2000,38.003,16,5,182,107,6,113938471A
7/31/2004,38.004,2,4,183,108,3,113938471A
8/14/2004,38.005,2,4,184,109,3,113938471A
7/22/2006,38.006,5,4,185,81,6,113938471A
6/23/2011,38.007,6,4,186,110,6,113938471A
7/5/2004,39.001,2,4,187,9,15,113938692A
8/3/2004,39.002,2,4,188,9,3,113938692A
9/14/1996,40.001,4,5,151,95,7,113965571A
6/19/1997,40.002,5,27,189,111,6,113965571A
9/16/2004,40.003,2,4,190,9,3,113965571A
7/19/2006,40.004,36,24,191,14,6,113965571A
9/21/1996,41.001,4,5,192,73,7,113966632A
6/13/1997,41.002,5,4,181,112,6,113966632A
6/14/1997,42.001,5,27,193,69,7,113967334A
7/15/2003,42.002,2,5,194,113,6,113967334A
7/17/2004,42.003,47,4,195,114,6,113967334A
9/16/2004,42.004,2,4,196,9,3,113967334A
7/27/2011,42.005,48,4,197,115,6,113967334A
5/21/2013,42.006,12,4,198,83,6,113967334A
8/25/2015,42.007,5,38,199,14,6,113967334A
6/22/2002,43.001,4,22,200,9,2,113967750A
9/15/2002,43.002,2,2,201,9,2,113967750A
9/22/2002,43.003,2,39,202,9,1,113967570A
10/13/2002,43.004,2,2,203,9,2,113967750A
8/7/2004,43.005,2,6,204,9,5,113967570A
8/24/2004,43.006,2,12,205,54,3,113967750A
9/1/2004,43.007,2,2,206,9,3,113967750A
9/16/2004,43.008,2,40,207,9,3,113967570A
10/7/2004,43.009,2,6,208,9,2,113967570A
7/19/2006,43.01,44,16,209,14,6,113967750A
8/5/2008,43.011,42,8,210,14,6,113967750A
5/18/2011,43.012,49,41,211,36,6,113967750A
5/24/2011,43.013,7,11,212,36,6,113967750A
8/3/2004,44.001,2,4,213,116,7,113968222A
9/26/2004,44.002,2,4,214,9,2,113968222A
9/14/1996,45.001,35,5,83,117,7,113968557A
6/20/1997,45.002,5,27,127,118,6,113968557A
7/30/2000,45.003,4,5,215,119,6,113968557A
7/24/2002,45.004,50,4,216,9,6,113968557A
5/10/2003,45.005,16,4,217,9,6,113968557A
7/15/2003,45.006,2,5,218,9,6,113968557A
8/24/2003,45.007,3,4,219,9,5,113968557A
7/19/2006,45.008,16,28,220,14,6,113968557A
7/21/2004,46.001,51,23,221,120,12,113969143A
7/26/2013,46.002,52,11,222,17,6,113969143A
7/20/2004,47.001,2,4,223,121,15,113969180A
8/14/2004,48.001,2,4,224,122,15,113969273A
6/13/1997,49.001,5,2,225,69,7,113969517A
6/27/2004,50.001,2,4,226,123,4,113969632A
7/10/2015,51.001,53,42,227,67,6,113973116A
6/21/1997,52.001,5,4,228,124,7,113976134A
8/15/2003,52.002,2,4,229,125,6,113976134A
7/22/2006,52.003,5,4,230,126,6,113976134A
7/22/2013,52.004,46,5,231,17,6,113976134A
7/17/2014,52.005,20,5,232,43,16,113976134A
7/22/2014,52.006,21,5,233,43,9,113976134A
7/14/2015,52.007,23,20,234,127,6,113976134A
7/12/1997,53.001,5,43,235,128,7,113976335A
6/25/1997,54.001,5,4,236,69,7,114409227A
6/30/1997,54.002,5,4,236,69,6,114409227A
9/16/2004,54.003,2,4,237,129,2,114409227A
8/14/2004,55.001,2,4,238,9,7,114411137A
9/14/1996,56.001,4,11,239,130,7,114414485A
8/3/1997,56.002,5,2,240,69,6,114414485A
6/3/2002,56.003,16,11,241,54,6,114414485A
5/21/2013,56.004,12,8,242,83,6,114414485A
8/27/2015,56.005,5,8,243,14,6,114414485A
6/14/1997,57.001,5,2,244,69,7,114417466A
7/5/2004,58.001,2,13,245,131,7,114421513A
7/18/2006,58.002,10,16,246,14,6,114421513A
7/29/2010,58.003,13,13,247,14,6,114421513A
6/14/2011,58.004,6,32,248,34,6,114421513A
6/22/2011,58.005,6,21,249,35,6,114421513A
7/13/2011,58.006,15,2,250,36,6,114421513A
5/21/2013,58.007,36,8,251,83,6,114421513A
7/22/2013,58.008,46,11,252,17,6,1144215134A
7/8/2015,58.009,5,11,253,101,6,114421513A
6/13/1997,59.001,5,4,254,69,7,114459123A
9/28/2002,60.001,2,44,255,9,1,114463132A
7/27/2004,60.002,2,10,256,132,2,114463132A
6/14/1997,61.001,5,4,257,69,7,114463271A
7/30/2000,61.002,16,5,258,133,6,114463271A
7/31/2000,61.003,50,5,258,133,6,114463271A
6/16/1997,62.001,5,4,259,134,7,114465332A
8/15/2002,62.002,2,5,260,135,2,114465332A
8/28/2014,62.003,5,24,261,103,6,114465332A
6/25/2004,63.001,2,40,262,136,4,114465343A
7/9/2004,63.002,2,4,263,137,5,114465343A
8/14/2004,63.003,2,45,264,9,6,114465343A
7/22/2006,63.004,5,26,265,81,6,114465343A
5/25/2010,63.005,18,4,266,138,6,114465343A
7/24/2004,64.001,2,46,267,9,1,114472174A
7/19/2006,64.002,4,16,268,14,6,114472174A
6/10/2011,64.003,14,3,269,33,6,114472174A
6/21/2004,65.001,2,26,270,9,7,114472331A
8/3/2004,65.002,2,4,271,139,6,114472331A
7/18/2006,65.003,10,24,272,14,6,114472331A
7/22/2006,65.004,5,7,273,10,6,114472331A
8/5/2008,65.005,42,24,274,14,6,114472531A
6/15/2010,65.006,12,4,275,27,6,114472331A
6/22/2010,65.007,12,4,276,28,6,114472331A
7/14/2010,65.008,12,4,277,32,6,114472331A
7/29/2010,65.009,13,4,278,32,6,114472331A
8/3/2010,65.01,12,4,279,36,6,114472331A
5/18/2011,65.011,49,47,280,36,6,114472331A
6/10/2011,65.012,14,4,281,33,6,114472331A
6/14/2011,65.013,14,4,282,34,6,114472331A
6/15/2011,65.014,14,47,282,34,6,114472331A
6/17/2011,65.015,6,5,283,34,6,114472331A
6/22/2011,65.016,14,7,284,35,6,114472331A
7/27/2011,65.017,14,4,285,115,6,114472331A
5/1/2013,65.018,14,4,286,140,6,114472331A
8/28/2013,65.019,43,5,287,84,6,114472331A
6/5/2002,66.001,4,5,288,141,7,114472630A
9/22/2002,66.002,2,4,289,142,2,114472630A
8/14/2004,66.003,2,4,290,9,6,114472630A
7/22/2014,66.004,21,5,291,43,11,114472630A
6/30/1997,67.001,5,48,292,69,7,114472710A
7/31/2000,67.002,50,5,293,133,6,114472710A
7/9/2004,68.001,2,4,294,70,1,114473151A
8/3/2004,68.002,2,4,295,9,5,114473151A
6/15/1997,69.001,5,4,296,69,7,114514216A
7/1/1997,70.001,5,2,297,69,7,114979762A
6/9/2001,70.002,4,11,298,9,6,114979762A
7/24/2002,70.003,16,2,299,9,6,114979762A
9/7/2002,70.004,2,2,300,143,2,114979762A
9/15/2002,70.005,2,2,301,9,2,114979762A
10/13/2002,70.006,2,2,302,9,2,114979762A
7/16/2004,71.001,2,4,303,9,15,115109111A
8/24/2004,71.002,2,49,304,144,2,115109111A
7/8/2015,71.003,5,5,305,91,6,115109111A
7/11/1997,72.001,39,23,306,69,12,115109154A
7/7/2010,72.002,25,2,307,145,6,115109154A
6/2/2011,72.003,54,17,308,146,6,115109154A
7/22/2014,73.001,21,11,309,43,9,1151093093A
7/17/2004,74.001,47,2,310,147,7,115109371A
6/23/2010,74.002,12,2,311,29,6,115109371A
8/3/2010,74.003,5,2,312,148,6,115109371A
6/10/2011,74.004,14,2,313,33,6,115109371A
6/15/2011,74.005,6,2,314,149,6,115109371A
8/29/2013,74.006,55,11,315,84,6,115109371A
7/17/2014,74.007,20,11,316,43,17,115109371A
7/25/2014,74.008,21,9,317,43,18,115109371A
8/26/2014,74.009,5,8,318,150,6,115109371A
6/15/1997,75.001,5,13,319,151,7,115109393A
6/24/2000,75.002,50,11,320,9,6,115109393A
7/21/2002,75.003,4,2,321,152,2,115109393A
5/10/2003,75.004,16,2,322,153,6,115109393A
7/11/2004,75.005,2,2,323,154,5,115109393A
9/16/2004,75.006,2,2,324,9,2,115109393A
7/19/2006,75.007,36,24,325,14,6,115109393A
8/5/2008,75.008,30,8,326,14,6,115109393A
5/25/2010,75.009,7,9,327,15,6,115109393A
6/22/2010,75.01,7,2,328,155,6,115109393A
6/23/2010,75.011,7,2,329,156,6,115109393A
6/26/2010,75.012,7,2,330,82,6,115109393A
7/7/2010,75.013,12,2,331,157,6,115109393A
7/14/2010,75.014,7,2,332,36,6,115109393A
6/10/2011,75.015,6,2,333,41,6,115109393A
6/15/2011,75.016,6,2,334,34,6,115109393A
7/17/2014,75.017,56,11,335,43,19,115109393A
7/15/2015,75.018,5,22,336,158,6,115109393A
7/22/2013,76.001,46,11,337,17,6,1151109371A
6/9/2002,77.001,5,2,338,159,7,115111337A
7/24/2002,77.002,4,2,339,160,6,115111337A
8/15/2002,77.003,16,2,340,161,6,115111337A
5/4/2003,77.004,50,2,341,162,6,115111337A
5/15/2004,77.005,54,23,342,163,20,115111337A
6/13/2004,77.006,51,23,343,164,20,115111337A
6/18/2004,77.007,51,23,344,165,3,115111337A
6/21/2004,77.008,51,23,345,164,20,115111337A
7/5/2004,77.009,51,23,346,164,20,115111337A
9/16/2004,77.01,51,23,347,166,20,115111337A
9/26/2004,77.011,51,23,348,167,20,115111337A
8/30/2003,78.001,2,45,349,79,7,115112144A
9/14/2003,78.002,2,29,350,168,6,115112144A
6/21/2004,78.003,2,26,351,9,5,115112144A
6/27/2004,78.004,2,25,352,169,3,115112144A
7/7/2004,78.005,2,50,353,9,3,115112144A
7/17/2004,78.006,17,25,354,170,6,115112144A
9/16/2004,78.007,2,27,355,9,2,115112144A
7/18/2006,78.008,10,28,356,14,6,115112144A
7/22/2006,78.009,5,25,357,10,6,115112144A
8/29/2006,78.01,5,5,358,11,6,115112144A
7/15/2008,78.011,45,24,359,14,6,115112144A
8/5/2008,78.012,7,24,360,14,6,115112144A
5/25/2010,78.013,7,9,361,15,6,115112144A
6/15/2010,78.014,12,7,362,27,6,115112144A
6/22/2010,78.015,12,4,363,171,6,115112144A
7/14/2010,78.016,18,2,51,40,6,115112144A
7/29/2010,78.017,13,27,364,14,6,115112144A
6/15/2011,78.018,6,26,365,34,6,115112144A
6/19/1997,79.001,5,4,366,172,7,115112246A
9/6/2001,79.002,5,5,367,173,6,115112246A
9/15/2002,79.003,2,4,368,174,2,115112246A
6/27/2004,79.004,2,4,369,123,5,115112246A
7/5/2004,79.005,2,4,370,175,6,115112246A
7/27/2004,79.006,2,4,371,176,3,115112246A
7/31/2004,79.007,2,4,372,177,6,115112246A
8/3/2004,79.008,2,4,373,9,3,115112246A
8/14/2004,79.009,2,4,374,9,3,115112246A
9/1/2004,79.01,2,4,375,178,2,115112246A
9/16/2004,79.011,2,4,376,9,3,115112246A
9/26/2004,79.012,2,4,377,9,2,115112246A
10/7/2004,79.013,2,4,378,9,2,115112246A
7/10/2002,80.001,50,26,379,9,7,115112656A
5/4/2003,80.002,50,26,380,9,6,115112656A
6/7/1997,81.001,57,44,381,179,21,115113355A
9/6/2003,81.002,58,51,382,180,20,115113355A
9/21/2003,81.003,58,23,383,181,20,115113355A
9/28/2003,81.004,58,23,384,182,20,115113355A
7/11/2004,81.005,58,23,385,183,20,115113355A
7/27/2004,81.006,58,3,386,184,20,115113355A
7/31/2004,81.007,58,23,387,185,20,115113355A
8/3/2004,81.008,58,23,388,186,20,115113355A
8/28/2013,81.009,43,11,389,84,6,115113355A
7/17/2014,81.01,20,11,390,43,19,115113355A
7/18/2014,81.011,29,9,83,43,22,115113355A
7/8/2015,81.012,5,11,391,101,6,115113355A
7/9/2015,81.013,23,11,392,187,6,115113355A
7/16/2015,81.014,24,11,393,188,6,115113355A
8/25/2015,81.015,5,8,394,189,6,115113355A
8/26/2015,81.016,5,8,395,190,6,115113355A
6/28/1998,82.001,5,5,396,191,6,115114690A
6/6/2002,82.002,50,5,397,192,6,115114690A
4/26/2003,82.003,4,5,398,193,6,115114690A
8/24/2003,82.004,3,4,399,194,5,115114690A
6/13/2004,82.005,2,4,400,9,6,115114690A
7/11/2004,82.006,2,4,401,9,6,115114690A
8/7/2004,82.007,2,4,402,9,5,115114690A
7/10/2002,83.001,16,2,403,195,7,115115246A
9/28/2002,84.001,2,48,404,9,1,115115544A
9/29/2002,84.002,2,5,405,52,2,115115544A
6/27/2004,84.003,2,26,406,196,2,115115544A
7/20/2004,84.004,2,27,407,9,3,115115544A
7/24/2004,84.005,2,40,408,9,3,115115544A
7/27/2004,84.006,2,6,409,9,3,115115544A
9/16/2004,84.007,2,45,410,9,3,115115544A
7/18/2006,84.008,44,8,411,14,6,115115544A
6/15/2010,84.009,7,4,412,27,6,115115544A
8/26/2015,84.01,5,8,413,197,6,115115544A
7/22/2014,85.001,56,5,414,43,9,1151155461A
6/15/1997,86.001,5,25,415,69,7,115116120A
6/28/1998,86.002,5,5,416,198,6,115116120A
8/2/2000,86.003,16,5,417,199,6,115116120A
5/4/2003,86.004,50,4,418,9,6,115116120A
5/10/2003,86.005,16,4,419,200,6,115116120A
6/21/2004,86.006,2,40,420,201,6,115116120A
7/17/2004,86.007,17,4,421,202,6,115116120A
7/19/2006,86.008,44,8,422,14,6,115116120A
5/25/2010,86.009,18,4,423,15,6,115116120A
6/15/2010,86.01,12,4,424,203,6,115116120A
7/29/2010,86.011,13,4,425,14,6,115116120A
6/23/2011,86.012,6,4,426,49,6,115116120A
7/13/2011,86.013,15,4,427,36,6,115116120A
7/27/2011,86.014,14,4,428,115,6,115116120A
8/14/2004,87.001,2,4,429,9,15,115116453A
9/16/2004,88.001,2,40,430,9,15,115117543A
6/2/1996,89.001,35,5,431,204,7,115118335A
7/24/2002,89.002,16,4,432,9,6,115118335A
9/2/2003,89.003,2,4,433,205,6,115118335A
9/1/2004,89.004,2,4,434,9,3,115118335A
6/16/1997,90.001,5,52,435,69,7,115118357A
6/21/1997,91.001,5,4,436,69,7,115118443A
6/29/1997,92.001,5,4,437,206,7,115118690A
8/2/2002,92.002,2,4,438,207,2,115118690A
8/29/2006,92.003,5,5,439,11,6,115118690A
6/15/2010,92.004,12,4,440,208,6,115118690A
6/22/2010,92.005,12,4,441,28,6,115118690A
7/14/2010,92.006,12,4,442,32,6,115118690A
5/18/2011,92.007,49,5,443,36,6,115118690A
5/21/2013,92.008,12,24,444,83,6,115118690A
8/28/2013,92.009,37,5,445,84,6,115118690A
9/7/2002,93.001,2,27,446,9,1,115119110A
7/10/2003,93.002,2,7,447,78,2,115119110A
7/5/2004,93.003,2,4,448,9,2,115119110A
7/19/2006,93.004,18,28,449,209,6,115119110A
5/25/2010,93.005,7,9,450,15,6,115119110A
7/22/2013,93.006,46,5,451,17,6,115119110A
7/22/2014,93.007,21,5,452,43,9,115119110A
7/12/1997,94.001,5,2,453,210,7,115119233A
6/24/2000,94.002,50,11,454,211,6,115119233A
6/2/2001,94.003,4,11,455,212,6,115119233A
6/1/2002,94.004,59,11,456,213,20,115119233A
9/15/2002,94.005,60,11,457,214,2,115119233A
9/6/2003,94.006,51,23,458,215,3,115119233A
9/14/2003,94.007,51,23,459,216,3,115119233A
7/9/2004,94.008,51,23,460,217,5,115119233A
7/16/2004,94.009,51,23,461,218,3,115119233A
8/3/2004,94.01,51,23,462,219,20,115119233A
9/4/2004,94.011,51,23,463,220,3,115119233A
9/26/2004,94.012,51,23,464,221,20,115119233A
6/15/1997,95.001,5,52,465,222,7,115121113A
7/24/2002,95.002,50,53,466,223,6,115121113A
8/14/2004,95.003,2,54,467,9,6,115121113A
8/29/2013,95.004,61,42,468,84,6,115121113A
8/31/2002,96.001,2,40,469,224,1,115122192A
8/24/2004,96.002,2,49,470,144,3,115122192A
9/16/2004,96.003,2,4,471,225,3,115122192A
9/26/2004,96.004,2,4,472,226,3,115122192A
10/2/2004,96.005,2,4,473,227,2,115122192A
9/26/2004,97.001,2,4,474,9,3,115122632A
9/1/2004,98.001,62,55,475,228,23,115122632A
7/1/1997,99.001,5,27,476,69,7,115123143A
6/24/1997,100.001,5,48,477,69,7,115123212A
6/13/1997,101.001,5,4,478,69,7,115123285A
6/23/1997,102.001,5,56,479,118,7,115123491A
7/12/1997,103.001,5,2,480,69,7,115123530A
5/4/2003,103.002,16,51,481,229,6,115123530A
7/31/2004,104.001,2,4,482,9,15,115124597A
8/3/2004,104.002,2,45,483,9,3,115124597A
8/14/2004,104.003,2,40,484,9,3,115124597A
9/15/2002,105.001,2,57,485,9,1,115124650A
10/5/2002,105.002,2,58,486,9,2,115124650A
7/27/2004,105.003,2,59,487,230,3,115124650A
8/3/2004,105.004,2,40,488,9,3,115124650A
8/14/2004,105.005,2,45,489,9,2,115124650A
7/11/2004,106.001,2,4,490,231,4,115125561A
6/14/1997,107.001,5,15,491,232,7,115125796A
8/2/2000,107.002,16,11,492,233,6,115125796A
6/9/2002,107.003,5,11,493,234,6,115125796A
9/15/2002,107.004,2,2,494,235,2,115125796A
5/4/2003,107.005,50,22,495,9,6,115125796A
7/19/2003,107.006,2,2,496,236,6,115125796A
9/21/2003,107.007,2,2,497,9,6,115125796A
6/13/2004,107.008,2,2,498,9,6,115125796A
6/25/2004,107.009,2,2,499,9,5,115125796A
7/18/2006,107.01,4,8,500,14,6,115125796A
6/30/1997,108.001,5,60,501,69,7,11512609A?
9/19/2004,109.001,63,23,502,237,12,115126644A
6/22/2011,109.002,6,2,503,35,6,115126644A
7/13/2011,109.003,15,2,504,36,6,115126644A
7/22/2013,109.004,64,11,505,17,6,115126644A
7/23/2014,109.005,21,11,506,43,14,115126644A
8/25/2015,109.006,5,8,507,14,6,115126644A
8/24/2004,110.001,2,49,508,238,3,115127185A
6/15/1997,111.001,5,27,509,69,7,115127332A
9/28/2002,111.002,2,40,510,239,2,115127332A
8/27/2003,111.003,2,45,511,240,5,115127332A
7/22/2013,111.004,64,5,512,17,6,115127332A
7/8/2015,111.006,5,5,513,91,6,115127332A
6/13/1997,112.005,5,4,514,241,7,115128651A
6/2/1996,113.001,16,5,515,242,7,115129696A
6/19/1997,113.002,5,4,516,243,6,115129696A
6/24/2000,113.003,16,5,517,244,6,115129696A
8/5/2008,113.004,30,24,518,14,6,115129696A
7/10/2002,114.001,4,20,519,245,24,115131333A
7/17/2004,115.001,47,45,520,147,7,115132330A
7/27/2004,115.002,2,20,521,230,3,115132330A
8/24/2004,115.003,2,49,522,246,3,115132330A
9/16/2004,115.004,2,40,523,247,2,115132330A
6/8/2002,116.001,4,4,524,9,24,115132627A
6/17/1996,117.001,4,11,416,248,7,115133572A
9/21/1996,117.002,4,11,83,248,6,115133572A
6/16/1997,117.003,5,2,525,249,6,115133572A
9/7/2002,117.004,2,2,526,250,2,115133572A
7/19/2003,117.005,2,2,527,236,6,115133572A
8/3/2003,117.006,2,2,528,251,5,115133572A
7/27/2004,117.007,2,2,529,252,3,115133572A
9/1/2004,117.008,2,2,530,9,3,115133572A
9/16/2004,117.009,2,2,531,9,3,115133572A
6/17/2011,117.01,6,2,532,34,6,115133572A
5/1/2013,117.011,13,2,533,140,6,115133572A
7/25/2014,117.012,21,11,534,43,9,115133572A
7/10/2015,117.013,5,11,535,101,6,115133572A
9/16/2004,118.001,31,23,536,9,12,115136154A
7/16/2015,118.002,41,1,537,253,6,115136154A
9/16/2004,119.001,51,23,538,254,15,115136164A
7/15/2008,119.002,65,8,539,14,6,115136164A
6/15/2010,119.003,7,2,540,27,6,115136164A
9/14/1996,120.001,4,11,541,95,7,115136761A
9/21/1996,120.002,4,11,83,255,6,115136761A
6/16/1997,120.003,5,2,542,256,6,115136761A
8/5/2008,120.004,7,8,543,14,6,115136761A
7/29/1997,121.001,5,2,544,257,7,115137326A
7/31/2000,121.002,16,11,545,258,6,115137326A
7/24/2002,121.003,50,2,546,9,6,115137326A
5/4/2003,121.004,50,61,547,9,6,115137326A
7/17/2004,121.005,17,2,548,259,6,115137326A
6/15/1997,122.001,5,2,549,69,7,115137451A
10/5/2002,122.002,2,2,550,260,2,115137451A
7/19/2003,122.003,2,2,551,147,6,115137451A
9/14/2003,122.004,2,2,552,168,6,115137451A
8/14/2004,122.005,2,2,553,9,2,115137451A
7/19/2006,122.006,18,8,554,209,6,115137451A
8/29/2006,122.007,5,11,555,11,6,115137451A
6/15/2010,122.008,12,2,556,261,6,115137451A
6/23/2010,122.009,12,2,557,29,6,115137451A
7/14/2010,122.01,12,2,558,32,6,115137451A
7/29/2010,122.011,13,2,559,14,6,115137451A
6/10/2011,122.012,14,2,560,33,6,115137451A
6/14/2011,122.013,14,2,561,34,6,115137451A
6/15/2011,122.014,14,2,561,34,6,115137451A
6/17/2011,122.015,6,2,560,34,6,115137451A
6/23/2011,122.016,6,2,560,49,6,115137451A
7/28/2011,122.017,5,2,562,262,6,115137451A
5/21/2013,122.018,12,2,563,83,6,115137451A
9/7/1996,123.001,16,5,564,73,7,115138535A
9/21/1996,123.002,4,5,83,263,6,115138535A
6/16/1997,123.003,5,48,565,69,6,115138535A
6/28/1998,123.004,5,5,566,73,6,115138535A
9/7/2002,123.005,2,4,567,264,2,115138535A
9/15/2002,123.006,2,4,568,9,2,115138535A
9/22/2002,123.007,2,4,569,9,2,115138535A
9/28/2002,123.008,2,4,570,9,2,115138535A
6/25/2004,123.009,2,20,571,9,5,115138535A
7/9/2004,123.01,2,4,572,70,5,115138535A
8/7/2004,123.011,2,40,573,9,6,115138535A
9/16/2004,123.012,2,20,574,265,2,115138535A
7/19/2006,123.013,18,8,575,209,6,115138535A
7/22/2014,123.014,21,5,576,43,11,115138535A
7/23/2014,123.015,21,5,577,43,11,115138535A
10/12/2001,124.001,16,11,578,9,7,115139211A
6/1/2002,124.002,16,2,579,9,6,115139211A
7/24/2002,124.003,4,2,580,266,6,115139211A
5/10/2003,124.004,16,2,581,267,6,115139211A
8/27/2003,124.005,3,2,582,9,5,115139211A
8/14/2004,124.006,2,3,583,268,6,115139211A
7/20/2004,125.001,2,2,584,269,15,115139480A
7/27/2004,125.002,2,2,585,270,2,115139480A
8/1/1997,126.001,5,43,586,271,7,115144550A
7/31/2000,126.002,16,11,587,272,6,115144550A
9/6/2001,126.003,5,5,588,273,6,115144550A
9/28/2002,127.001,2,39,589,9,1,115146344A
9/16/2004,127.002,2,20,590,274,3,115146344A
7/23/2014,127.003,21,5,591,43,11,115146344A
6/13/1997,128.001,5,4,366,69,7,115147237A
5/4/2003,128.002,50,4,592,9,6,115147237A
8/15/2003,128.003,2,4,593,275,6,115147237A
7/17/2004,128.004,17,4,594,276,6,115147237A
6/19/2010,128.005,12,4,595,277,6,115147237A
6/16/2011,128.006,14,4,596,278,6,115147237A
5/21/2013,128.007,12,24,597,83,6,115147237A
7/17/2014,128.008,20,11,598,43,9,115147237A
7/24/2014,128.009,56,5,599,43,9,115147237A
8/25/2015,128.01,5,24,600,279,6,115147237A
7/12/1997,129.001,5,2,601,69,7,115147330A
6/2/2001,129.002,4,11,602,9,6,115147330A
8/31/2002,129.003,2,2,603,280,2,115147330A
9/15/2002,129.004,2,2,604,281,2,115147330A
10/5/2002,129.005,2,2,605,282,2,115147330A
4/26/2003,129.006,4,11,606,283,6,115147330A
6/5/2004,129.007,2,2,607,9,6,115147330A
7/16/2004,129.008,2,2,608,9,3,115147330A
9/16/2004,129.009,2,2,609,9,3,115147330A
9/19/2004,129.01,2,2,610,9,3,115147330A
9/26/2004,129.011,2,2,611,9,3,115147330A
7/22/2006,129.012,5,2,612,284,6,115147330A
6/15/2010,129.013,7,2,613,27,6,115147330A
6/22/2010,129.014,12,2,614,28,6,115147330A
6/10/2011,129.015,6,2,615,41,6,115147330A
7/24/2002,130.001,4,4,616,285,7,115148534A
8/25/2002,130.002,2,4,617,286,2,115148534A
7/20/2003,130.003,2,4,618,9,2,115148534A
8/24/2004,130.004,2,49,619,54,3,115148534A
7/19/2006,130.005,4,8,620,14,6,115148534A
7/15/2008,130.006,7,24,621,14,6,115148534A
7/29/2010,130.007,13,4,622,14,6,115148534A
8/3/2010,130.008,18,4,623,287,6,115148534A
7/22/2014,130.009,21,5,624,43,11,115148534A
7/23/2004,131.001,31,62,625,9,12,115148667A
7/8/2015,131.002,28,42,626,60,6,115148667A
6/13/1997,132.001,39,63,627,14,21,115531656A
6/27/2004,132.002,31,64,628,14,21,115531656A
7/16/2015,132.003,41,65,629,14,6,115531656A
7/22/2013,133.001,46,5,630,17,7,125224240A
7/22/2014,133.002,21,5,631,43,11,125224240A
7/25/2014,133.003,21,5,632,43,9,125224240A
7/7/2015,134.001,39,5,633,67,7,125231135A
7/24/2013,135.001,39,42,634,17,7,125234710A
7/26/2013,136.001,52,11,635,17,7,125239272A
7/8/2015,137.001,28,37,636,60,7,125244765A
7/23/2013,138.001,9,42,637,17,7,125246540A
7/17/2014,139.001,20,5,638,43,19,125248694A
7/22/2013,140.001,46,11,639,17,7,125252352A
8/29/2013,140.002,55,11,640,84,6,125252352A
7/22/2014,140.003,21,11,641,43,9,125252352A
7/10/2015,141.001,53,42,642,288,7,125256591A
7/23/2013,142.001,66,66,643,17,24,125257350A
7/25/2013,143.001,39,11,644,17,7,125321612A
7/9/2015,144.001,23,37,645,67,7,125322383A
7/22/2013,145.001,46,11,646,17,7,125322661A
7/17/2014,145.002,20,5,647,43,9,125322661A
7/24/2014,145.003,21,11,648,43,9,125322661A
8/28/2013,146.001,37,11,649,84,7,125325255A
7/24/2013,147.001,9,11,650,17,7,125629395A
7/24/2013,148.001,52,11,651,17,7,125631250A
7/9/2015,149.001,39,11,652,101,7,125635663A
7/22/2013,150.001,46,11,653,17,7,125636323A
8/27/2015,151.001,5,9,83,14,6,125636470A
7/24/2013,152.001,39,11,654,17,7,125644612A
7/7/2015,153.001,67,42,655,60,7,125656625A
7/8/2015,153.002,5,42,656,91,6,125656625A
7/10/2015,154.001,5,5,657,101,7,125668217A
7/17/2014,155.001,56,37,658,43,9,125668697A
7/24/2014,155.002,21,37,659,43,9,125668697A
8/30/2013,156.001,68,37,660,84,7,125668697A
7/7/2015,157.001,39,5,661,91,7,125671362A
8/29/2013,158.001,69,67,662,84,7,125673490A
7/24/2013,159.001,70,11,663,17,7,125676643A
7/24/2013,160.001,9,11,664,17,7,125711634A
7/7/2015,161.001,39,5,665,67,7,125715551A
8/29/2013,162.001,55,5,666,84,7,125719557A
7/24/2014,162.002,21,5,667,43,9,125719557A
8/25/2015,162.003,5,24,668,14,6,125719557A
7/25/2013,163.001,39,42,669,17,7,125726344A
7/22/2013,164.001,46,11,670,17,7,125727540A
7/24/2013,165.001,9,5,671,17,7,125727586A
7/22/2013,166.001,64,5,672,17,7,125734713A
8/29/2013,166.002,55,5,673,84,6,125734713A
7/23/2013,167.001,9,11,674,17,6,125736792A
8/26/2014,167.002,71,44,675,289,6,125736792A
8/26/2014,168.001,71,68,676,290,7,125817180A
8/28/2013,169.001,43,11,677,84,7,125821516A
7/18/2014,169.002,29,2,678,43,9,125821516A
7/23/2014,169.003,21,11,679,43,9,125821516A
7/14/2015,169.004,72,11,680,291,6,125821516A
8/26/2015,169.005,5,8,681,14,6,125821516A
8/28/2013,170.001,37,11,682,84,7,125822566A
8/26/2014,170.002,5,8,683,292,6,125822566A
8/26/2014,171.001,5,69,684,293,7,125836470A
7/7/2015,171.002,23,11,685,60,6,125836470A
7/25/2013,172.001,73,42,686,17,7,125848657A
7/15/2015,172.002,53,70,687,14,6,125848657A
6/22/2010,173.001,12,2,688,28,6,15137451A
8/24/2003,174.001,3,40,689,9,4,430E40113C
7/25/2003,175.001,2,4,690,9,7,430E451A75
9/7/2002,176.001,2,29,691,294,1,430E45291F
9/15/2002,176.002,2,29,691,294,2,430E45291F
9/22/2002,176.003,2,26,692,295,2,430E45291F
10/5/2002,176.004,2,45,693,296,2,430E45291F
5/10/2003,176.005,4,40,694,297,2,430E45291F
8/3/2003,176.006,2,26,695,298,5,430E45291F
7/25/2003,177.001,2,40,696,9,7,430E482201
8/14/2004,177.002,2,26,697,299,3,430E482201
5/10/2003,178.001,16,2,698,9,7,430E4B1E53
9/14/2003,179.001,2,4,699,168,7,430E4C020E
7/15/2008,180.001,7,8,700,14,6,430E4E6516
8/15/2002,181.001,2,11,701,300,7,430E4E651E
9/15/2002,181.002,2,3,702,300,2,430E4E651E
10/5/2002,181.003,2,3,703,301,2,430E4E651E
5/25/2003,181.004,4,32,704,302,2,430E4E651E
7/10/2003,181.005,2,1,705,78,2,430E4E651E
7/15/2003,181.006,2,11,706,9,6,430E4E651E
7/25/2003,181.007,2,1,707,303,6,430E4E651E
6/13/2004,181.008,2,2,708,9,6,430E4E651E
6/25/2004,181.009,2,44,709,9,6,430E4E651E
7/2/2004,181.01,2,2,710,9,3,430E4E651E
7/22/2006,181.011,5,21,711,81,6,430E4E651E
6/10/2011,181.012,14,2,712,304,6,430E4E651E
5/4/2003,182.001,50,4,713,9,7,430E4F1F7C
7/17/2004,182.002,2,4,714,9,5,430E4F1F7C
8/29/2006,182.003,5,5,715,11,25,430E4F1F7C
7/7/2010,182.004,12,4,716,305,6,430E4F1F7C
7/22/2013,182.005,64,5,717,17,6,430E4F1F7C
7/18/2014,182.006,74,2,718,43,16,430E4F1F7C
8/25/2015,182.007,5,38,719,14,6,430E4F1F7C
6/2/1996,183.001,35,5,720,74,7,430E542418
6/1/2003,183.002,4,4,721,306,2,430E542418
9/22/2002,184.001,2,20,722,307,1,430E584B72
8/24/2003,184.002,3,40,723,9,5,430E584B72
7/11/2004,184.003,2,26,724,9,5,430E584B72
8/7/2004,184.004,2,40,725,9,5,430E584B72
7/19/2006,184.005,36,24,726,14,6,430E584B72
7/14/2010,184.006,12,4,727,32,6,430E584B72
7/18/2014,184.007,29,4,728,43,9,430E584B72
9/22/2002,185.001,2,6,729,308,1,430E69327C
7/19/2003,185.002,2,40,730,38,6,430E69327C
7/20/2004,185.003,2,25,731,9,3,430E69327C
7/18/2006,185.004,4,8,732,14,6,430E69327C
8/24/2003,186.001,3,2,733,9,4,430E6C5430
8/14/2004,187.001,2,2,734,309,6,430E6C5730
7/10/2003,188.001,8,40,735,310,8,430E6F734D
9/16/2004,188.002,2,20,736,311,2,430E6F734D
6/1/2002,189.001,16,11,737,8,7,430E71096B
5/4/2003,189.002,50,2,738,9,6,430E71096B
5/25/2003,189.003,4,2,739,9,2,430E71096B
7/19/2003,189.004,2,2,740,38,6,430E71096B
7/20/2003,189.005,2,2,741,9,2,430E71096B
7/18/2006,189.006,4,8,742,14,6,430E71096B
7/15/2008,189.007,45,8,743,14,6,430E71096B
8/5/2008,189.008,30,8,744,14,6,430E71096B
9/7/2002,190.001,2,4,745,312,1,430E752D7E
9/28/2002,190.002,2,4,746,313,2,430E752D7E
5/10/2003,190.003,50,40,747,314,6,430E752D7E
6/25/2004,191.001,2,4,748,315,7,4310375B55
9/1/2004,191.002,2,4,749,9,3,4310375B55
9/26/2004,191.003,2,4,750,9,3,4310375B55
9/15/2002,192.001,2,4,751,316,1,4310430B44
8/17/2003,192.002,2,4,752,317,6,4310430B44
8/14/2004,192.003,2,4,753,9,6,4310430B44
5/4/2003,193.001,50,2,754,9,7,4310471B36
7/5/2004,193.002,2,2,755,9,5,4310471B36
7/30/2000,194.001,4,11,756,318,7,43104B757F
5/10/2003,194.002,16,2,757,9,6,43104B757F
7/2/2004,194.003,2,2,758,9,2,43104B757F
8/3/2004,194.004,2,2,759,319,6,43104B757F
8/14/2004,194.005,2,2,760,9,6,43104B757F
9/16/2004,194.006,2,2,761,9,2,43104B757F
7/18/2006,194.007,44,8,762,14,6,43104B757F
7/15/2003,195.001,75,42,763,9,12,4310597F06
6/25/2004,195.002,58,71,764,320,20,4310597F06
7/31/2004,195.003,58,71,765,9,20,4310597F06
8/7/2004,195.004,58,71,766,9,20,4310597F06
8/26/2014,195.005,71,68,767,321,6,4310597F06
8/27/2014,195.006,71,68,768,103,6,4310597F06
8/31/2002,196.001,2,1,769,322,1,43106C1343
5/15/2004,196.002,17,3,770,39,6,43106C1343
6/13/2004,196.003,2,10,771,9,6,43106C1343
7/20/2004,196.004,2,44,772,9,3,43106C1343
6/25/2004,197.001,2,4,773,9,1,43127E321F
7/28/2011,197.002,76,18,774,323,6,43127E321F
5/21/2013,197.003,36,4,775,83,6,43127E321F
7/17/2014,197.004,20,5,776,43,19,43127E321F
7/22/2014,197.005,21,5,777,43,9,43127E321F
7/24/2014,197.006,21,5,778,43,9,43127E321F
7/7/2015,197.007,23,5,779,60,6,43127E321F
7/8/2015,197.008,5,5,780,91,6,43127E321F
7/17/2015,197.009,23,5,781,14,6,43127E321F
8/3/2003,198.001,2,45,782,9,4,43152C554D
9/28/2003,199.001,31,23,783,324,12,431532260E
6/25/2004,199.002,31,23,784,325,20,431532260E
6/27/2004,199.003,31,23,785,326,3,431532260E
7/23/2004,199.004,31,23,786,327,20,431532260E
7/31/2004,199.005,31,23,787,9,20,431532260E
9/16/2004,199.006,31,23,788,9,20,431532260E
7/27/2010,199.007,77,2,789,328,6,431532260E
7/20/2011,199.008,38,17,790,56,6,431532260E
7/21/2011,199.009,38,17,790,329,6,431532260E
7/22/2011,199.01,38,17,790,90,6,431532260E
7/27/2011,199.011,38,17,791,330,6,431532260E
7/28/2011,199.012,38,17,792,330,6,431532260E
8/28/2013,199.013,78,11,793,84,6,431532260E
8/26/2014,199.014,71,8,794,321,6,431532260E
9/15/2002,200.001,2,4,795,331,1,43153B7901
9/28/2002,200.002,2,4,796,331,2,43153B7901
5/4/2003,200.003,16,40,797,332,6,43153B7901
6/13/2004,200.004,2,4,798,9,6,43153B7901
7/20/2004,200.005,2,27,799,333,3,43153B7901
7/19/2006,200.006,44,24,800,14,6,43153B7901
5/25/2010,200.007,18,4,801,15,6,43153B7901
6/14/2011,200.008,6,72,802,34,6,43153B7901
6/15/2011,200.009,14,72,802,34,6,43153B7901
6/23/2011,200.01,14,72,802,27,6,43153B7901
7/25/2014,200.011,21,5,803,43,9,43153B7901
5/10/2003,201.001,16,4,804,9,7,43153F590E
5/15/2004,202.001,79,1,805,334,7,43154B4B52
10/5/2002,203.001,2,5,806,335,1,4315501F07
8/3/2003,203.002,2,4,807,336,5,4315501F07
7/15/2008,204.001,45,8,808,14,6,4315513A15
6/2/1996,205.001,35,5,809,337,7,4315527A23
7/25/1997,205.002,5,4,127,338,6,4315527A23
8/27/2003,205.003,2,4,810,9,6,4315527A23
8/24/2004,205.004,2,49,811,54,3,4315527A23
9/7/2002,206.001,60,23,812,339,26,43155C4529
9/15/2002,206.002,60,23,813,340,26,43155C4529
8/24/2003,206.003,51,23,814,341,15,43155C4529
6/25/2004,206.004,51,23,815,342,3,43155C4529
7/2/2004,206.005,51,23,816,343,3,43155C4529
7/5/2004,206.006,51,23,817,9,3,43155C4529
7/16/2004,206.007,51,23,818,344,3,43155C4529
7/21/2004,206.008,51,23,819,9,3,43155C4529
7/31/2004,206.009,51,23,820,9,3,43155C4529
9/4/2004,206.01,51,23,821,7,3,43155C4529
9/26/2004,206.011,51,23,822,9,3,43155C4529
7/7/2010,206.012,25,2,823,345,6,43155C4529
7/8/2010,206.013,25,2,824,346,6,43155C4529
7/17/2014,206.014,20,11,825,43,19,43155C4529
7/18/2014,206.015,29,2,826,43,9,43155C4529
7/10/2015,206.016,5,11,827,101,6,43155C4529
7/17/2015,206.017,72,11,828,14,6,43155C4529
8/26/2015,206.018,5,73,829,14,6,43155C4529
8/14/2002,207.001,50,2,830,347,7,43155C7477
8/3/2003,207.002,2,2,831,9,5,43155C7477
7/7/2010,208.001,25,4,832,348,6,43155E4C2B
7/8/2010,208.002,25,4,833,14,6,43155E4C2B
7/20/2010,208.003,80,4,834,29,6,43155E4C2B
7/22/2010,208.004,80,4,835,349,6,43155E4C2B
8/31/2002,208.005,60,55,836,350,26,43155E4C2B
9/7/2002,208.006,60,74,837,351,26,43155E4C2B
9/6/2003,208.007,51,55,838,205,15,43155E4C2B
9/22/2002,209.001,2,2,839,352,2,43155F3A15
10/13/2002,209.002,2,2,840,353,2,43155F3A15
9/21/2003,209.003,2,2,841,9,7,43155F3A15
10/12/2003,209.004,2,2,842,7,2,43155F3A15
8/3/2004,209.005,2,2,843,116,6,43155F3A15
8/14/2004,209.006,2,2,844,354,6,43155F3A15
7/19/2006,209.007,44,8,845,14,6,43155F3A15
6/15/2010,209.008,7,2,846,27,6,43155F3A15
6/22/2010,209.009,7,2,847,355,6,43155F3A15
6/23/2010,209.01,7,2,848,356,6,43155F3A15
6/16/2011,209.011,6,2,849,357,6,43155F3A15
7/13/2011,209.012,15,4,850,36,6,43155F3A15
5/10/2003,210.001,16,2,851,9,7,4315655E3E
7/19/2003,210.002,2,2,852,38,6,4315655E3E
10/5/2003,210.003,2,2,853,7,2,4315655E3E
6/25/2004,210.004,2,2,854,136,5,4315655E3E
7/20/2004,210.005,2,2,855,358,6,4315655E3E
8/3/2003,211.001,2,45,856,9,4,435F6D3566
8/24/2003,211.002,3,40,857,9,5,435F6D3566
6/21/2004,211.003,2,6,858,9,5,435F6D3566
7/20/2004,211.004,2,45,859,9,3,435F6D3566
7/14/2010,212.001,7,4,860,36,6,435F713838
9/7/2002,213.001,2,4,861,359,1,435F713B39
9/22/2002,213.001,2,45,862,307,2,435F713B39
8/24/2003,213.001,3,40,863,9,5,435F713B39
6/21/2004,213.001,2,40,864,9,6,435F713B39
7/5/2004,213.001,2,45,865,9,2,435F713B39
8/14/2004,213.001,2,45,866,9,6,435F713B39
7/19/2006,213.001,16,8,867,14,6,435F713B39
8/29/2006,213.001,5,5,868,11,6,435F713B39
7/23/2014,213.001,21,11,869,43,9,435F713B39
9/15/2002,214.001,2,2,870,307,1,435F7A6572
10/5/2002,214.002,2,2,871,307,2,435F7A6572
8/17/2003,214.003,2,75,872,317,6,435F7A6572
8/14/2004,214.004,2,3,873,9,6,435F7A6572
8/24/2004,214.005,2,12,874,54,3,435F7A6572
7/18/2006,214.006,4,16,875,14,6,435F7A6572
7/25/2003,215.001,2,22,876,9,7,43600A6041
7/11/2004,215.002,2,2,877,9,5,43600A6041
7/18/2006,215.003,44,16,878,14,6,43600A6041
7/7/2010,215.004,81,2,879,360,6,43600A6041
7/27/2011,215.005,76,76,880,115,6,43600A6041
7/7/2010,216.001,12,7,881,361,7,46604C296C
7/29/2010,216.002,13,29,882,14,6,46604C296C
6/1/2011,217.001,54,77,883,362,7,46614A5844
7/22/2013,217.002,46,5,884,17,6,46614A5844
7/24/2014,218.001,21,11,885,43,10,46622D2406
6/10/2011,219.001,14,40,886,363,7,466428210C
7/24/2014,220.001,56,11,887,43,9,466626772B
8/28/2014,221.001,5,51,888,364,6,4668A25245B
7/27/2011,222.001,82,21,889,365,6,466926772B
5/21/2013,222.002,36,8,890,83,6,466926772B
7/22/2013,222.003,64,11,891,17,6,466926772B
7/17/2014,222.004,20,11,892,43,9,466926772B
7/18/2014,222.005,74,2,893,43,27,466926772B
7/27/2010,223.001,25,21,894,366,7,4669420A2A
7/17/2014,224.001,20,11,895,43,28,466947432E
7/28/2011,225.001,48,7,896,323,7,4669777F74
7/18/2014,225.002,29,4,897,43,9,4669777F74
7/22/2014,225.003,21,5,898,43,11,4669777F74
7/27/2011,226.001,14,14,899,115,7,46697C6251
7/23/2014,226.002,21,11,900,43,11,46697C6251
7/8/2015,226.003,5,11,901,91,6,46697C6251
7/17/2015,226.004,72,11,902,14,6,46697C6251
8/25/2015,226.005,5,8,903,14,6,46697C6251
7/17/2014,227.001,20,11,904,43,28,46697F6301
7/24/2014,228.001,21,11,905,43,9,466A0D062
7/22/2014,229.001,21,11,906,43,10,466A0D062C
7/18/2014,230.001,74,2,907,367,27,466A1F4770
8/25/2015,231.001,5,16,908,14,6,466A1F4770
6/17/2011,232.001,6,78,909,34,7,466A1F477D
5/21/2013,232.002,12,8,910,83,6,466A1F477D
7/8/2015,232.003,5,11,911,91,6,466A1F477D
7/14/2015,232.004,67,1,912,368,6,466A1F477D
6/23/2011,233.001,6,14,913,49,7,466A243A59
7/15/2014,233.002,83,71,914,14,21,466a243a59
6/10/2011,234.001,14,2,915,33,7,466A25245B
6/14/2011,234.002,6,79,916,34,6,466A25245B
6/17/2011,234.003,6,2,915,34,6,466A25245B
8/28/2014,234.004,5,8,917,369,29,466A25245B
7/8/2015,234.005,5,11,918,91,6,466A25245B
7/17/2015,234.006,23,42,919,14,6,466A25245B
7/7/2010,235.001,81,4,920,370,7,466A6B513B
7/8/2010,235.002,25,4,921,14,6,466A6B513B
6/14/2011,236.001,6,4,922,34,7,466A6D554A
6/23/2011,236.002,6,4,922,49,6,466A6D554A
7/10/2015,236.003,5,5,923,101,6,466A6D554A
7/17/2015,236.004,72,5,924,371,6,466A6D554A
7/21/2011,237.001,38,80,925,90,7,466C017D09
7/7/2015,237.001,39,9,926,91,6,466C017D09
7/7/2010,238.001,12,14,927,372,7,466D59216C
7/22/2014,239.001,21,11,928,43,11,4670621C17
7/17/2015,239.002,23,42,929,14,6,4670621C17
7/20/2010,240.001,25,32,930,373,7,467630300000000000000000000000000000000000000000000000000000
7/24/2014,241.001,21,11,931,43,10,46763F2554
7/7/2015,241.002,67,11,932,60,6,46763F2554
7/27/2010,242.001,77,26,933,328,7,46766C2B42
7/13/2011,242.002,27,18,934,330,6,46766C2B42
7/18/2014,243.001,7,4,935,43,28,4677017A3B
8/26/2014,243.002,5,24,936,374,6,4677017A3B
8/25/2015,243.003,5,24,937,14,6,4677017A3B
7/25/2014,244.001,21,11,938,43,9,467758270B
7/17/2014,245.001,20,11,939,43,28,467758270D
8/25/2015,245.002,5,8,940,14,6,467758270D
7/22/2014,246.001,56,5,941,43,9,4677617A3B
7/22/2014,247.001,56,11,942,43,10,46785660000
6/10/2011,248.001,14,25,943,33,7,4678760D12
6/28/2011,248.002,14,25,943,375,6,4678760D12
7/7/2010,249.001,12,7,944,376,7,46791C3111
7/27/2010,250.001,77,15,945,14,7,46792A7D24
7/8/2011,251.001,84,17,946,377,7,46792D4D26
7/25/2013,251.002,70,11,947,17,6,46792D4D26
7/18/2014,252.001,7,54,948,43,30,46796B4C0F
6/10/2011,253.001,6,2,949,378,7,467D3E4634
6/23/2011,254.001,6,78,950,49,7,467D435326
7/18/2014,255.001,29,81,951,43,10,467D451E4B
7/18/2014,256.001,74,4,952,43,10,467D53005A
7/18/2014,257.001,74,2,953,43,31,467D53460D
7/7/2010,258.001,12,78,954,379,7,467D621C17
6/23/2011,258.002,6,14,955,49,6,467D621C17
6/28/2011,258.003,14,14,955,375,6,467D621C17
7/9/2015,258.004,23,11,956,60,6,467D621C17
7/21/2010,259.001,25,28,957,330,7,467D6A3C43
6/1/2011,259.002,54,82,958,362,6,467D6A3C43
6/7/2011,259.003,76,83,959,29,6,467D6A3C43
6/9/2011,259.004,54,83,959,380,6,467D6A3C43
7/17/2014,260.001,20,11,960,43,28,47003E295B
7/23/2014,260.002,21,11,961,43,11,47003E295B
7/14/2010,261.001,12,4,962,32,7,470057096D
8/28/2013,261.002,43,5,963,84,6,470057096D
7/23/2014,261.003,21,5,964,43,14,470057096D
7/10/2015,261.004,5,5,965,101,6,470057096D
6/1/2011,262.001,54,84,966,362,7,4700682C04
7/27/2011,262.002,76,84,966,50,6,4700682C04
8/28/2013,262.003,43,11,967,84,6,4700682C04
7/7/2010,263.001,12,32,968,82,7,47006F1674
6/5/1997,264.001,70,85,969,381,21,113929764A
6/5/1997,265.001,70,64,970,382,21,114979480A
6/5/1997,266.001,70,86,971,14,21,115134483A
6/5/1997,267.001,39,71,972,14,12,113912235A
7/7/2004,267.002,31,71,973,383,20,113912235A
8/3/2004,267.003,31,64,974,14,20,113912235A
6/5/1997,268.001,39,87,975,14,21,114414117A
6/7/1997,269.001,57,71,976,14,21,113911762A
8/27/2003,269.002,85,71,977,14,21,113911762A
9/26/2004,269.003,86,71,978,14,21,113911762A
6/7/1997,270.001,39,86,979,14,21,115134222A
6/9/1997,271.001,39,86,980,14,21,115111252A
6/11/1997,272.001,39,88,178,14,21,115134614A
6/13/1997,273.001,70,89,981,14,21,115135566A
6/15/1997,274.001,57,71,976,14,21,115144510A
6/16/1997,275.001,57,31,982,14,21,115131330A
6/18/1997,276.001,57,90,983,14,21,113976122A
6/22/1997,277.001,57,91,984,14,21,115116160A
6/21/2004,277.002,86,86,985,14,21,115116160A
6/22/1997,278.001,57,92,986,14,21,115123115A
6/25/1997,279.001,57,93,987,14,21,113874447A
6/25/1997,280.001,39,60,988,14,21,113979115A
7/10/1997,281.001,57,71,989,14,21,113874090A
7/10/1997,282.001,39,94,990,14,21,113914485A
6/9/2001,283.001,86,95,991,14,32,115121540A
7/31/2004,283.002,86,71,992,9,20,115121540A
9/14/2003,284.001,85,71,993,14,21,4315335876
8/14/2004,284.002,86,86,994,14,21,4315335876
7/31/2004,285.001,86,71,995,14,21,115144590A
8/3/2004,286.001,87,71,996,14,21,113923173A
7/16/2014,287.001,31,96,997,14,21,4700410415
7/16/2014,288.001,31,71,998,14,21,125776344A
6/22/1997,289.001,70,55,999,384,21,113979134A
6/24/1997,290.001,70,55,1000,69,21,113773530A
7/2/2004,291.001,88,55,1001,385,23,115127185A
8/14/2004,292.001,62,59,1002,386,23,115111377A
6/22/1997,293.001,70,23,1003,69,21,113872620A
6/25/1997,294.001,70,23,1004,69,21,113676090A
7/10/1997,295.001,70,23,1005,69,21,115139363A
6/23/2003,296.001,8,22,1006,9,8,435F7E0209
7/20/2003,297.001,8,23,1007,9,8,435F7C2B08
8/7/2004,298.001,8,23,1008,9,21,114464091A
8/14/2004,299.001,62,23,1009,387,23,115132455A
10/25/2003,300.001,8,23,1010,388,21,430E576A7A
9/16/2004,300.002,62,97,1011,9,23,430E576A7A
8/3/2004,301.001,87,55,1012,9,12,114465210A
8/3/2004,302.001,63,55,1013,9,12,113912590A
9/16/2004,303.001,63,55,1014,9,15,113917147A
8/3/2004,304.001,87,98,1015,389,12,114414633A
9/16/2004,305.001,87,23,1016,390,12,115113556A
9/16/2004,306.001,87,23,1017,391,12,113979316A
9/19/2004,307.001,63,75,1018,237,12,115134124A
9/16/2004,308.001,87,23,1019,392,12,113919152A
8/3/2004,309.001,87,23,1020,393,12,115121574A
8/3/2004,310.001,63,23,1021,394,12,113874792A
9/28/2003,311.001,63,23,1022,9,12,430E530F35
9/19/2004,311.002,63,23,1023,237,20,430E530F35
6/16/1997,312.001,57,55,1024,395,21,115125394A
6/21/1997,313.001,57,27,1025,69,21,115122255A
6/27/1997,314.001,57,55,1026,69,21,115116586A
6/28/1997,315.001,57,27,1027,69,12,115113790A
7/21/2004,315.002,86,6,1028,9,20,115113790A
7/1/1997,316.001,57,23,1029,69,21,115127612A
8/27/2003,317.001,85,23,1030,396,21,435F681D3B
9/2/2003,318.001,85,23,1031,9,21,431061247C
6/21/2004,319.001,86,23,1032,397,21,431061601F
7/11/2004,320.001,86,21,1033,398,21,115114177A
9/4/2004,321.001,86,23,1034,9,12,113924334A
9/4/2004,322.001,86,22,1035,9,12,115127247A
6/30/1997,323.001,57,55,1036,69,12,115147525A
6/25/2004,323.002,89,55,1037,9,3,115147525A
8/17/2003,324.001,1,55,1038,9,1,43104A3605
7/11/2004,324.002,86,55,1039,9,20,43104A3605
6/21/2004,325.001,86,55,1040,399,12,43154D7E7D
7/11/2004,325.002,86,55,1041,400,20,43154D7E7D
6/9/2001,326.001,57,5,1042,401,12,115132622A
6/25/2004,326.002,86,55,1043,402,20,115132622A
8/14/2004,326.003,86,55,1044,9,20,115132622A
7/9/2004,327.001,86,23,1045,403,12,115115767A
9/4/2004,327.002,86,23,1046,9,20,115115767A
7/7/2004,328.001,86,23,1047,404,12,115119474A
7/23/2004,328.002,86,11,1048,9,20,115119474A
9/4/2004,328.003,86,23,1049,9,20,115119474A
9/16/2004,328.004,86,23,1050,405,20,115119474A
9/26/2004,329.001,86,6,1051,406,20,43152C554D
6/5/1997,330.001,39,55,1052,69,12,115109194A
6/11/1997,331.001,39,55,1053,69,12,113674093A
6/13/1997,332.001,39,55,165,407,12,115145627A
6/14/1997,333.001,39,25,1054,69,12,115126360A
6/20/1997,334.001,39,55,1055,408,12,115111270A
6/21/1997,335.001,39,55,1056,69,12,115125330A
6/28/1997,336.001,39,27,1057,69,12,113918552A
6/28/1997,337.001,39,55,1058,409,12,115133152A
7/13/1997,338.001,90,55,1059,69,12,115147333A
7/22/2011,338.001,27,18,1060,90,6,115147333A
9/4/2004,339.001,31,55,1061,9,12,114471391A
6/6/1997,340.001,39,23,1062,410,12,113935273A
6/7/1997,341.001,39,44,1063,69,12,114457124A
6/20/1997,342.001,39,23,1064,408,12,113775261A
6/20/1997,343.001,39,23,1065,411,12,113916663A
8/3/2004,343.001,87,23,1066,412,20,113916663A
9/19/2004,343.001,63,23,1067,413,20,113916663A
6/28/1997,344.001,39,44,1068,69,12,115124515A
6/28/1997,345.001,39,21,1069,414,12,115125113A
6/29/1997,346.001,39,23,165,69,12,115133444A
7/10/1997,347.001,39,99,1070,69,12,113931133A
7/12/1997,348.001,39,21,1071,69,12,115112725A
7/13/1997,349.001,39,44,1072,69,12,113872453A
8/3/1997,350.001,39,23,1073,69,12,113934693A
9/4/2004,351.001,31,23,1074,415,12,114409340A
9/16/2004,352.001,31,10,1075,9,12,115113615A
9/16/2004,353.001,31,23,1076,9,12,115123316A
9/26/2004,354.001,31,23,1077,416,12,114979493A
7/12/1997,355.001,39,55,1078,69,12,115109321A
6/8/2001,355.002,91,5,1079,417,33,115109321A
6/25/1997,356.001,57,55,1080,418,21,113924367A
9/6/2001,356.002,39,5,1081,419,20,113924367A
6/5/1997,357.001,39,55,1082,420,12,114467527A
9/28/2003,357.002,31,55,1083,421,20,114467527A
6/25/2004,357.003,31,55,1084,422,20,114467527A
6/28/1997,358.001,39,55,1085,423,12,115122463A
6/18/2004,358.002,31,55,1086,424,3,115122463A
6/25/2004,358.003,31,55,1087,425,20,115122463A
7/31/2004,358.004,31,55,1088,426,20,115122463A
9/1/2004,358.005,31,55,1089,9,3,115122463A
9/16/2004,358.006,31,55,1090,9,20,115122463A
8/7/2004,359.001,31,100,1091,427,12,115121151A
6/19/1997,360.001,39,101,1092,428,12,113973116A
6/21/2004,360.002,31,102,1093,9,20,113973116A
6/6/1997,361.001,39,71,983,69,12,115132690A
9/6/2003,361.002,31,71,1094,429,20,115132690A
7/9/2004,361.003,31,64,1095,9,20,115132690A
7/11/2004,361.004,31,71,1096,9,20,115132690A
7/12/2004,361.005,31,71,1097,9,20,115132690A
7/16/2004,361.006,31,71,1098,9,20,115132690A
8/14/2004,361.007,31,86,1099,430,20,115132690A
9/4/2004,361.008,31,71,1100,431,20,115132690A
9/16/2004,361.009,31,71,1101,432,20,115132690A
6/13/1997,362.001,39,103,990,14,21,114409672A
6/24/2000,362.002,31,95,1102,433,20,114409672A
7/11/2004,362.003,31,64,1103,9,20,114409672A
7/15/2014,363.001,92,104,1104,434,12,46695C231C
6/13/1997,364.001,70,55,1105,435,21,115112790A
7/13/1997,364.002,70,55,1105,435,21,115112790A
9/6/2001,364.003,39,5,1106,436,20,115112790A
6/12/1997,365.001,34,55,1107,69,12,114409095A
6/15/1997,366.001,34,29,1108,69,12,115113735A
6/17/1997,367.001,34,55,1109,437,12,115116112A
10/12/2003,367.001,8,55,1110,438,8,115116112A
9/1/2004,367.001,62,55,1111,439,23,115116112A
6/24/1997,368.001,34,29,1112,440,12,113775385A
9/1/2004,368.002,62,55,1113,441,23,113775385A
9/16/2004,368.003,62,55,1114,442,23,113775385A
6/24/1997,369.001,34,50,1115,69,12,115112664A
6/26/1997,370.001,34,55,1116,443,12,113919646A
9/2/2003,371.001,58,45,1117,444,12,436000512F
9/21/2003,372.001,58,55,1118,9,12,43153C3375
6/24/1997,373.001,34,15,1119,69,12,113909520A
8/30/2003,374.001,58,22,1120,9,12,430E583E4F
9/2/2003,375.001,58,23,1121,205,12,4310697115
9/2/2003,376.001,58,10,1122,445,12,43154F3E63
9/14/2003,377.001,58,23,1123,446,12,435F610C25
7/12/2004,378.001,58,23,1124,9,12,113975386A
6/24/1997,379.001,34,105,1125,447,12,113966592A
8/27/2003,379.001,75,55,1126,448,20,113966592A
7/15/2003,380.001,75,23,1127,9,12,430E770768
8/30/2003,380.002,58,23,1128,9,20,430E770768
9/2/2003,380.003,58,23,1129,449,20,430E770768
9/21/2003,380.004,58,23,1130,9,20,430E770768
8/27/2003,381.001,58,55,1131,450,4,431322622A
9/2/2003,381.002,58,55,1132,444,20,431322622A
9/2/2003,382.001,58,23,1133,444,12,43115E2817
9/14/2003,382.002,58,23,1134,446,20,43115E2817
6/12/1997,383.001,34,55,1135,69,12,113931457A
9/21/2003,383.002,58,55,1136,9,20,113931457A
6/11/1997,384.001,34,106,1004,451,12,115115562A
9/21/2003,384.002,58,55,1137,452,20,115115562A
8/27/2003,385.001,75,1,1138,453,12,4315331667
9/6/2003,385.002,58,23,1139,454,20,4315331667
9/28/2003,385.003,58,23,1140,9,20,4315331667
10/12/2003,385.004,58,23,1141,455,20,4315331667
8/7/2004,385.005,58,23,1142,9,20,4315331667
9/6/2003,386.001,58,23,1143,444,12,430E3C5B76
11/1/2003,386.002,58,23,1144,456,20,430E3C5B76
7/11/2004,386.003,58,23,1145,457,20,430E3C5B76
7/27/2004,386.004,58,23,1146,458,20,430E3C5B76
7/31/2004,386.005,58,23,1147,459,20,430E3C5B76
9/6/2003,387.001,58,23,1148,444,12,4315405754
7/31/2004,387.002,58,23,1149,460,20,4315405754
7/20/2011,387.003,38,17,1150,461,6,4315405754
6/8/1997,388.001,34,48,1151,462,12,115119397A
8/27/2003,388.002,75,55,1152,463,20,115119397A
7/31/2004,388.003,58,55,1153,464,20,115119397A
6/24/1997,389.001,70,27,1151,465,21,115119514A
7/31/2004,389.002,58,55,1154,466,20,115119514A
9/28/2003,390.001,58,55,1155,9,12,430E48335C
8/14/2004,390.002,58,55,1156,9,20,430E48335C
6/7/1997,391.001,34,52,1157,467,12,115122570A
6/12/1997,392.001,34,71,1158,69,12,113945494A
6/14/1997,393.001,34,107,1159,69,12,114472511A
6/14/1997,394.001,34,108,1160,69,12,11511457A?
6/21/1997,395.001,34,71,1161,468,12,115119555A
7/11/2004,396.001,58,109,1162,469,12,115118654A
6/12/1997,397.001,34,110,972,69,12,115121385A
7/25/2003,397.002,75,71,1163,470,20,115121385A
9/6/2003,397.003,58,71,1164,9,20,115121385A
9/14/2003,397.004,58,71,1165,446,20,115121385A
7/11/2004,397.005,58,71,1166,9,20,115121385A
6/26/1997,398.001,34,88,1167,69,12,115148120A
6/27/2004,398.002,58,64,1168,471,20,115148120A
6/6/1997,399.001,34,111,1169,69,12,114471165A
7/19/2003,399.002,75,64,1170,9,20,114471165A
7/5/2004,399.003,58,86,1171,472,20,114471165A
7/9/2004,399.004,58,64,1172,472,20,114471165A
6/7/1997,400.001,34,112,1173,69,12,115111312A
8/3/2004,400.002,58,64,1174,9,20,115111312A
7/16/1997,401.001,34,113,1175,69,12,115123325A
9/28/2003,401.002,58,64,1176,9,20,115123325A
8/3/2004,401.003,58,64,1177,9,20,115123325A
6/1/2002,402.001,59,5,1178,473,34,431038502C
6/1/2003,402.002,59,55,1179,474,15,431038502C
9/15/2002,403.001,60,23,1180,475,26,431048042B
10/5/2002,403.002,60,23,1181,476,26,431048042B
6/23/2003,403.003,59,3,1182,477,15,431048042B
8/17/2003,403.004,51,10,1183,478,3,431048042B
8/24/2003,403.005,51,10,1184,479,3,431048042B
7/7/2004,403.006,51,23,1185,480,3,431048042B
7/9/2004,403.007,51,1,1186,481,20,431048042B
9/4/2004,403.008,51,23,1187,482,3,431048042B
9/26/2004,403.009,51,23,1188,483,20,431048042B
6/8/2002,404.001,93,55,1189,9,12,113776662A
7/2/2004,405.002,51,55,1190,9,15,115135750A
7/31/2004,406.001,51,55,1191,9,15,114411297A
6/1/2011,406.002,54,114,1192,362,6,114411297A
8/4/2002,407.001,59,50,1193,9,26,4557360A21
8/30/2003,407.002,51,7,1194,79,35,4557360A21
9/4/2004,407.003,51,115,1195,484,15,4557360A21
6/9/2011,407.004,76,116,1196,380,6,4557360A21
9/26/2004,408.001,51,40,1197,485,12,113918535A
7/18/2002,409.001,59,23,1198,486,1,115127135A
8/24/2003,410.001,51,23,1199,9,15,435F650778
8/24/2004,410.002,51,12,1200,54,3,435F650778
9/16/2004,410.003,51,23,1201,9,3,435F650778
8/4/2002,411.001,59,23,1202,487,34,435F791426
9/14/2003,411.002,51,23,1203,488,15,435F791426
7/16/2004,412.001,51,117,1204,9,15,115111211A
8/31/2002,413.001,60,23,1205,489,26,115119121A
10/2/2004,413.002,51,23,1206,9,12,115119121A
6/1/2011,413.003,54,76,1207,36,6,115119121A
7/21/2002,414.001,59,55,1208,9,1,115115134A
9/15/2002,414.002,60,55,1209,490,2,115115134A
8/4/2002,415.001,94,23,1210,9,12,115137462A
8/24/2003,415.002,51,23,1211,9,3,115137462A
8/27/2003,415.003,51,23,1212,9,3,115137462A
9/7/2002,416.001,60,23,1213,491,26,43152D1A6B
9/22/2002,416.002,60,23,1214,491,26,43152D1A6B
10/5/2002,416.003,60,51,1215,492,26,43152D1A6B
8/17/2003,416.004,51,97,1216,317,15,43152D1A6B
8/24/2003,416.005,51,10,1217,9,3,43152D1A6B
8/27/2003,416.006,51,23,1218,9,3,43152D1A6B
9/6/2003,416.007,51,23,1219,205,3,43152D1A6B
9/14/2003,416.008,51,23,1220,488,3,43152D1A6B
9/21/2003,416.009,51,23,1221,9,3,43152D1A6B
6/1/2002,417.001,59,5,1222,473,34,43155C0D16
6/1/2003,417.002,59,55,1223,474,15,43155C0D16
8/30/2003,417.003,51,55,1224,79,3,43155C0D16
5/15/2004,417.004,54,55,1225,9,20,43155C0D16
6/8/2002,418.001,59,55,1226,9,12,115116126A
6/15/2003,418.002,59,5,1227,493,3,115116126A
8/11/2003,418.003,51,55,1228,494,5,115116126A
7/11/2004,418.004,51,55,1229,495,5,115116126A
8/30/2003,419.001,51,55,1230,496,15,430E461363
6/25/2004,419.002,51,27,1231,9,3,430E461363
7/5/2004,419.003,51,55,1232,9,3,430E461363
7/11/2004,419.004,51,55,1233,9,3,430E461363
9/7/2002,420.001,60,55,1234,497,26,430E5F5022
8/11/2003,420.002,51,55,1235,498,15,430E5F5022
6/25/2004,420.003,51,20,1236,499,3,430E5F5022
7/16/2004,420.004,51,20,1237,500,5,430E5F5022
7/10/2002,421.001,59,13,1238,9,1,115125163A
8/25/2002,421.002,60,23,1239,9,2,115125163A
9/22/2002,421.003,60,23,1240,9,2,115125163A
7/31/2004,421.004,51,23,1241,9,20,115125163A
8/25/2002,422.001,60,55,1242,307,26,4311151473
8/24/2003,422.002,51,59,1243,9,15,4311151473
8/30/2003,422.003,51,118,1244,79,3,4311151473
7/16/2004,422.004,51,40,1245,500,5,4311151473
8/14/2004,422.005,51,6,1246,9,3,4311151473
8/13/2002,423.001,59,55,1247,501,26,4360050227
8/25/2002,423.002,60,55,1248,502,26,4360050227
6/8/2003,423.003,59,55,1249,503,15,4360050227
7/4/2003,423.004,59,55,1250,9,3,4360050227
8/24/2003,423.005,51,55,1251,9,3,4360050227
8/27/2003,423.006,51,55,1252,9,3,4360050227
8/30/2003,423.007,51,5,1253,79,3,4360050227
9/2/2003,423.008,51,55,1254,205,3,4360050227
9/6/2003,423.009,51,55,1255,205,3,4360050227
9/14/2003,423.01,51,55,1256,488,3,4360050227
9/21/2003,423.011,51,55,1257,9,3,4360050227
9/28/2003,423.012,51,55,1258,9,3,4360050227
5/30/2004,423.013,95,55,1259,9,3,4360050227
6/18/2004,423.014,51,55,1260,9,3,4360050227
6/21/2004,423.015,51,55,1261,9,3,4360050227
6/25/2004,423.016,51,55,1262,9,3,4360050227
6/27/2004,423.017,51,55,1263,123,3,4360050227
7/2/2004,423.018,51,55,1264,9,3,4360050227
7/5/2004,423.019,51,55,1265,9,3,4360050227
7/9/2004,423.02,51,55,1266,504,3,4360050227
7/16/2004,423.021,51,55,1267,9,3,4360050227
7/21/2004,423.022,51,55,1268,9,3,4360050227
7/27/2004,423.023,51,55,1269,9,3,4360050227
7/31/2004,423.024,51,55,1270,9,3,4360050227
8/3/2004,423.025,51,55,1267,9,3,4360050227
8/24/2004,423.026,96,55,1271,54,3,4360050227
9/4/2004,423.027,51,55,1272,7,3,4360050227
8/24/2003,424.001,51,55,1273,9,15,4315312053
7/21/2004,424.002,51,55,1274,9,3,4315312053
7/24/2004,424.003,51,119,1274,9,3,4315312053
9/16/2004,424.004,51,55,1275,9,3,4315312053
9/15/2002,425.001,60,23,1276,129,26,115123394A
6/21/2004,425.002,51,23,1277,505,15,115123394A
7/2/2004,425.003,51,23,1278,9,3,115123394A
7/5/2004,425.004,51,23,1279,9,3,115123394A
7/7/2004,425.005,51,23,1280,9,3,115123394A
7/16/2004,425.006,51,23,1281,506,3,115123394A
7/21/2004,425.007,51,23,1282,507,3,115123394A
7/24/2004,425.008,51,23,1283,508,20,115123394A
7/27/2004,425.009,51,23,1284,509,3,115123394A
8/3/2004,425.01,51,23,1285,9,3,115123394A
8/7/2004,425.011,51,23,1286,9,3,115123394A
8/14/2004,425.012,51,23,1287,9,3,115123394A
9/4/2004,425.013,51,23,1288,9,3,115123394A
9/16/2004,425.014,51,23,1289,9,3,115123394A
6/8/2011,425.015,54,17,1290,380,6,115123394A
7/21/2004,426.001,51,23,1291,510,15,115128656A
8/24/2004,426.002,96,12,1292,54,3,115128656A
9/16/2004,426.003,51,10,1293,9,3,115128656A
5/30/2004,427.001,95,55,1294,511,15,430E402907
6/4/2004,427.002,97,55,1295,512,3,430E402907
6/21/2004,427.003,51,55,1296,9,3,430E402907
8/7/2004,427.004,51,55,1297,9,3,430E402907
9/4/2004,427.005,51,55,1298,7,3,430E402907
9/16/2004,427.006,51,55,1299,9,3,430E402907
6/8/2011,427.007,76,18,1300,513,6,430E402907
6/8/2002,428.001,59,95,1301,9,12,113976277A
7/24/2002,429.001,98,64,1302,514,12,113919316A
7/24/2002,430.001,98,120,1303,9,12,114471120A
6/13/2004,431.001,51,121,1304,515,12,4311225220
8/3/2004,431.002,51,64,1305,9,20,4311225220
6/13/2004,432.001,97,122,1306,9,12,4315613020
6/21/2004,432.002,51,95,83,9,20,4315613020
8/15/2002,433.001,60,42,1307,9,36,4.315696E+24
6/13/2004,433.002,97,121,1308,9,12,4.315696E+24
6/25/2004,433.003,51,123,1309,9,20,4.315696E+24
7/24/2004,433.004,59,120,1310,9,5,4.315696E+24
6/1/2011,434.001,54,116,1311,362,7,4679261F31
6/1/2011,435.001,54,124,1312,362,7,46703C6D01
6/2/2011,436.001,54,116,1313,516,7,466B61580A
6/2/2011,437.001,54,125,1314,516,7,46606C647D
6/8/2011,438.001,54,18,1315,517,7,467A77584F
6/8/2011,439.001,54,124,1316,380,7,46695F1312
7/27/2011,440.001,99,18,1317,330,7,467D684545
7/27/2011,441.001,76,126,1318,518,7,4678447D0A
7/28/2011,441.002,76,126,1318,323,6,4678447D0A
7/27/2011,442.001,76,125,1319,115,7,46796A7737
7/27/2011,443.001,76,127,1320,115,7,466A00535D
7/27/2011,444.001,76,127,1321,115,7,4.700477E+14
6/10/2011,445.001,54,84,1322,380,7,466B7B325E
7/27/2011,445.002,76,84,1322,519,6,466B7B325E
7/20/2011,446.001,22,128,1323,56,7,467D561E54
7/20/2011,447.001,22,129,1324,56,6,4662362342
7/21/2011,448.001,38,84,1325,90,7,467D4E783B
7/21/2011,449.001,38,17,1326,90,7,466A284E1C
7/22/2011,450.001,22,84,1327,90,7,46622E5766
7/27/2011,451.001,76,18,1328,520,6,45480E7521
7/19/2011,452.001,38,130,1329,29,7,467650492C
7/28/2011,452.002,38,17,1330,330,6,467650492C
6/1/2011,453.001,54,76,1331,362,7,4665453301
7/19/2011,454.001,22,126,1332,521,7,4669443577
7/21/2011,455.001,38,124,1333,522,7,4665260779
7/27/2011,456.001,76,17,1334,523,7,4676761206
6/1/2011,457.001,54,131,1335,362,7,4679020712
7/27/2011,457.002,76,131,1335,115,6,4679020712
7/27/2011,458.001,22,17,1336,330,6,4679042154
7/13/2011,458.002,27,17,1337,330,7,4679042154
7/12/2011,459.001,38,124,1338,49,7,4676534503
7/7/2011,460.001,39,18,1339,524,7,4678522362
7/13/2011,461.001,38,17,1340,330,7,467D6B7B23
7/12/2011,462.001,22,131,1341,525,7,4676651F66